Reference,Bias_Sensor,Bias_val,Throttle_Control,Servo_Control,Voltage,Throttle_A,Throttle_B,Servo,Linear_X,Linear_Y,Linear_Z,Acceleration_X,Acceleration_Y,Acceleration_Z,Angular_X,Angular_Y,Angular_Z
0,Acceleration_Y,0,0.0,1500,12.222000122070312,0.0,0.0,0,0.0,0.0,0.0,0.23447220027446747,-0.14594697952270508,9.366925239562988,0.02664400078356266,0.025311801582574844,0.0
0,Acceleration_Y,0,0.0,1500,12.220000267028809,0.0,0.0,0,0.0,0.0,0.0,0.23686477541923523,-0.11723610013723373,9.381280899047852,0.026910440996289253,0.024512480944395065,0.0
0,Acceleration_Y,0,0.0,1500,12.220000267028809,0.0,0.0,0,0.0,0.0,0.0,0.2440425008535385,-0.09331036359071732,9.383673667907715,0.02744332142174244,0.024512480944395065,0.0
0,Acceleration_Y,0,0.0,1500,12.234000205993652,0.0,0.0,1500,0.0,0.0,0.0,0.29189395904541016,-0.14833955466747284,9.338213920593262,-0.0013322000158950686,0.0,0.0021315200719982386
0,Acceleration_Y,0,0.0,1500,12.234000205993652,0.0,0.0,1500,0.0,0.0,0.0,0.3086419701576233,-0.05263661593198776,9.412384033203125,-0.0002664400089997798,0.0,0.0002664400089997798
0,Acceleration_Y,0,0.0,1500,12.234000205993652,0.0,0.0,1500,0.0,0.0,0.0,0.2942865490913391,-0.11723610013723373,9.359747886657715,-0.0005328800179995596,-0.0002664400089997798,0.0021315200719982386
0,Acceleration_Y,0,0.0,1500,12.234000205993652,0.0,0.0,1500,0.0,0.0,0.0,0.2966791093349457,-0.09809551388025284,9.390851020812988,-0.0015986401122063398,0.0,0.0015986401122063398
0,Acceleration_Y,0,0.0,1500,12.23799991607666,0.0,0.0,1500,0.0,0.0,0.0,0.2966791093349457,-0.11245095729827881,9.369318008422852,-0.0010657600359991193,0.0015986401122063398,0.002397960051894188
0,Acceleration_Y,0,0.0,1500,12.23799991607666,0.0,0.0,1500,0.0,0.0,0.0,0.2560053765773773,-0.10766580700874329,9.419562339782715,-0.0007993200561031699,-0.0002664400089997798,0.0021315200719982386
0,Acceleration_Y,0,0.0,1500,12.23900032043457,0.0,0.0,1500,0.0,0.0,0.0,0.2703607976436615,-0.12441382557153702,9.381280899047852,-0.0007993200561031699,0.0,0.0015986401122063398
0,Acceleration_Y,0,0.0,1500,12.23900032043457,0.0,0.0,1500,0.0,0.0,0.0,0.265575647354126,-0.17944301664829254,9.297540664672852,-0.0013322000158950686,0.0,0.0018650800921022892
0,Acceleration_Y,0,0.0,1500,12.234999656677246,0.0,0.0,1500,0.0,0.0,0.0,0.2823236584663391,-0.08852522075176239,9.433917045593262,-0.0010657600359991193,0.0,0.0018650800921022892
0,Acceleration_Y,0,0.0,1500,12.234999656677246,0.0,0.0,1500,0.0,0.0,0.0,0.265575647354126,-0.12680639326572418,9.326251029968262,-0.0005328800179995596,0.0002664400089997798,0.0015986401122063398
0,Acceleration_Y,0,0.0,1500,12.23900032043457,0.0,0.0,1500,0.0,0.0,0.0,0.28471624851226807,-0.11005838215351105,9.383673667907715,0.0,0.0005328800179995596,0.0015986401122063398
0.2639900922965215,Acceleration_Y,0,1.2800455847937604,1500,12.23900032043457,0.0,0.0,1500,0.0,0.0,0.0,0.22490191459655762,-0.11723610013723373,9.398028373718262,0.0,0.0002664400089997798,0.0010657600359991193
0.2639900922965215,Acceleration_Y,0,1.6630609959024454,1500,12.234000205993652,0.0,0.0,1500,0.0,0.0,0.0,0.265575647354126,-0.10766580700874329,9.381280899047852,-0.0007993200561031699,0.0007993200561031699,0.0010657600359991193
0.2639900922965215,Acceleration_Y,0,2.2510625814060194,1500,12.234000205993652,0.0,0.0,1500,0.0012222222155994838,0.0,0.0,0.28471624851226807,-0.12441382557153702,9.359747886657715,-0.0015986401122063398,0.0007993200561031699,0.002397960051894188
0.2639900922965215,Acceleration_Y,0,2.8228667951303605,1500,12.232000350952148,1.2792633771896362,1.2792633771896362,1500,0.005440985564316679,0.0,-0.013000000268220901,0.46176669001579285,-0.265575647354126,8.897980690002441,-0.0002664400089997798,0.0,0.0021315200719982386
0.2639900922965215,Acceleration_Y,0,3.357795450430409,1500,12.232000350952148,1.6615134477615356,1.6615134477615356,1500,0.01580673083024405,0.0,0.02800000086426735,0.7967270016670227,0.045458897948265076,9.386065483093262,-0.0029308400116860867,0.010924040339887142,0.01465420052409172
0.2639900922965215,Acceleration_Y,0,3.8004430075832407,1500,12.263999938964844,2.250103235244751,2.250103235244751,1500,0.041604651114802174,0.0,-0.05000000074505806,1.0957986116409302,-0.24643507599830627,8.766388893127441,-0.0018650800921022892,0.03410432115197182,-0.008259640075266361
0.2639900922965215,Acceleration_Y,0,4.037045066062923,1500,12.263999938964844,2.8207199573516846,2.8207199573516846,1500,0.10007959886526452,0.0,-0.006000000052154064,0.9713848233222961,-0.16030243039131165,9.584649085998535,0.0,0.03410432115197182,0.008526080287992954
0.2639900922965215,Acceleration_Y,0,4.044024165973518,1500,12.258000373840332,3.3556277751922607,3.3556277751922607,1500,0.18429935802841096,0.0,-0.0430000014603138,0.8708967566490173,-0.011962867341935635,9.761699676513672,0.00905896071344614,0.020249441266059875,0.005062360316514969
0.2639900922965215,Acceleration_Y,0,3.9331895438127105,1500,12.258000373840332,3.7982776165008545,3.7982776165008545,1500,0.2580290174713954,0.0,0.00800000037997961,1.1029764413833618,0.08374007046222687,9.213800430297852,0.01198980025947094,-0.005595240276306868,0.0007993200561031699
0.2639900922965215,Acceleration_Y,0,3.835425558421201,1500,12.281999588012695,4.036001682281494,4.036001682281494,1500,0.29310890703120296,0.0,-0.18400000035762787,1.1484352350234985,-0.1890133023262024,11.137429237365723,0.019183680415153503,-0.00905896071344614,0.008526080287992954
0.2639900922965215,Acceleration_Y,0,3.6817980309629794,1500,12.281999588012695,4.042824745178223,4.042824745178223,1500,0.317054965697227,0.0,-0.08299999684095383,0.8445784449577332,-0.7751938104629517,8.814240455627441,-0.008259640075266361,-0.029041960835456848,0.014121320098638535
0.2639900922965215,Acceleration_Y,0,3.577368834810358,1500,12.258999824523926,3.9313931465148926,3.9313931465148926,1500,0.31792539774972833,0.0,-0.3109999895095825,-0.06220691278576851,0.04785146936774254,9.778448104858398,0.0010657600359991193,0.03410432115197182,0.016519280150532722
0.2639900922965215,Acceleration_Y,0,3.404759771072659,1500,12.258999824523926,3.8343427181243896,3.8343427181243896,1500,0.3286355313854005,0.0,0.017000000923871994,-0.277538537979126,0.9259259700775146,8.019906044006348,0.023446720093488693,-0.022114520892500877,0.030640600249171257
0.2639900922965215,Acceleration_Y,0,3.2943369416314563,1500,12.25100040435791,3.6804046630859375,3.6804046630859375,1500,0.32317762520898957,0.0,-0.2939999997615814,-0.11484352499246597,-0.83979332447052,8.988898277282715,-0.01065760012716055,-0.07220524549484253,0.02584468014538288
0.2639900922965215,Acceleration_Y,0,3.1437086910946643,1500,12.25100040435791,3.5766115188598633,3.5766115188598633,1500,0.32587049273223356,0.0,0.039000000804662704,0.011962867341935635,-0.16508756577968597,9.316680908203125,-0.03623584285378456,0.006661000195890665,0.017851481214165688
0.2639900922965215,Acceleration_Y,0,3.038588726112366,1500,12.25100040435791,3.4030556678771973,3.4030556678771973,1500,0.3193106965120022,0.0,-0.32199999690055847,-0.007177720312029123,-0.12680639326572418,8.388362884521484,-0.02397960051894188,-0.012789120897650719,0.03437076136469841
0.2639900922965215,Acceleration_Y,0,2.915013461375735,1500,12.25100040435791,3.2924563884735107,3.2924563884735107,1500,0.31803130605142726,0.0,0.04800000041723251,0.13637669384479523,0.14116182923316956,10.716336250305176,0.056218840181827545,-0.09698416292667389,0.04582768306136131
0.2639900922965215,Acceleration_Y,0,2.81416162533651,1500,12.253999710083008,3.141789197921753,3.141789197921753,1500,0.313528274408544,0.0,0.0020000000949949026,-0.3206048607826233,-1.2967748641967773,9.378888130187988,-0.019183680415153503,0.005861680023372173,0.01465420052409172
0.2639900922965215,Acceleration_Y,0,2.754786384954083,1500,12.253999710083008,3.037970542907715,3.037970542907715,1500,0.3020462734731718,0.0,-0.3050000071525574,0.12919896841049194,-0.48090726137161255,8.699397087097168,-0.007993199862539768,0.008526080287992954,0.0173186007887125
0.2639900922965215,Acceleration_Y,0,2.730466178789546,1500,12.244000434875488,2.914752244949341,2.914752244949341,1500,0.2875064588092162,0.0,-0.28299999237060547,0.1004880890250206,-0.24164992570877075,9.941143035888672,-0.006927440408617258,0.02824264019727707,0.033038560301065445
0.2639900922965215,Acceleration_Y,0,2.742441984989797,1500,12.244000434875488,2.8127188682556152,2.8127188682556152,1500,0.2717392645788549,0.0,-0.2980000078678131,0.30385681986808777,-0.30385681986808777,8.395540237426758,-0.0018650800921022892,0.030640600249171257,0.014121320098638535
0.2639900922965215,Acceleration_Y,0,2.7866388413579153,1500,12.23799991607666,2.7535500526428223,2.7535500526428223,1500,0.2564277131218066,0.0,-0.3269999921321869,-0.11723610013723373,-0.0813474953174591,8.730501174926758,0.016785720363259315,0.002397960051894188,0.027976201847195625
0.2639900922965215,Acceleration_Y,0,2.832260146518319,1500,12.23799991607666,2.7297539710998535,2.7297539710998535,1500,0.24800608289388135,0.0,-0.21699999272823334,-0.12202125042676926,0.12919896841049194,8.807063102722168,0.011190480552613735,0.025311801582574844,0.029574841260910034
0.2639900922965215,Acceleration_Y,0,2.8599676871744637,1500,12.241999626159668,2.7408478260040283,2.7408478260040283,1500,0.24831455229480853,0.0,0.026000000536441803,-0.5120107531547546,0.38759690523147583,10.223466873168945,0.004795920103788376,-0.006128120236098766,0.014121320098638535
0.2639900922965215,Acceleration_Y,0,2.891235855963952,1500,12.241999626159668,2.7850546836853027,2.7850546836853027,1500,0.24919570247146328,0.0,0.02800000086426735,0.543114185333252,0.055029191076755524,8.517561912536621,-0.008259640075266361,0.011456920765340328,0.012789120897650719
0.2639900922965215,Acceleration_Y,0,2.926367180346538,1500,12.253000259399414,2.8318045139312744,2.8318045139312744,1500,0.2489564822292898,0.0,0.024000000208616257,-0.6244617104530334,0.1818355917930603,8.536702156066895,-0.008259640075266361,0.05302156135439873,0.00905896071344614
0.2639900922965215,Acceleration_Y,0,2.965687283143957,1500,12.253000259399414,2.8573315143585205,2.8573315143585205,1500,0.24778234130429627,0.0,-0.07400000095367432,0.028710881248116493,-0.10527323186397552,8.421858787536621,-0.003463720204308629,0.01332200039178133,0.01891724020242691
0.2639900922965215,Acceleration_Y,0,3.0191194827016434,1500,12.258000373840332,2.8908450603485107,2.8908450603485107,1500,0.24409559562937194,0.0,-0.32899999618530273,0.3899894952774048,-1.0431619882583618,8.615656852722168,-0.009858280420303345,-0.03410432115197182,0.0
0.2639900922965215,Acceleration_Y,0,3.0764546868642078,1500,12.258000373840332,2.9248950481414795,2.9248950481414795,1500,0.24089836004889736,0.0,-0.3400000035762787,0.6651354432106018,-0.7177720665931702,9.618145942687988,-0.02158164046704769,-0.0077267601154744625,-0.007193880155682564
0.2639900922965215,Acceleration_Y,0,3.132385295940785,1500,12.26099967956543,2.964777946472168,2.964777946472168,1500,0.23954163381601526,0.0,-0.32899999618530273,0.16508756577968597,-0.27993109822273254,8.519954681396484,-0.013854880817234516,0.05222224071621895,0.009591840207576752
0.2639900922965215,Acceleration_Y,0,3.1813212091753953,1500,12.26099967956543,3.017568349838257,3.017568349838257,1500,0.24056701411250384,0.0,-0.3109999895095825,0.29189395904541016,-0.35410088300704956,8.531917572021484,0.006661000195890665,-0.0026644000317901373,0.032239239662885666
0.2639900922965215,Acceleration_Y,0,3.226780036387302,1500,12.246000289916992,3.075106620788574,3.075106620788574,1500,0.24224143639388307,0.0,-0.3089999854564667,0.11005838215351105,0.14594697952270508,9.077424049377441,0.029574841260910034,-0.05941612273454666,0.028509080410003662
0.2639900922965215,Acceleration_Y,0,3.2688773557365693,1500,12.246000289916992,3.1312341690063477,3.1312341690063477,1500,0.24392743940582945,0.0,-0.28299999237060547,0.014355440624058247,0.47372955083847046,9.938750267028809,-0.0026644000317901373,0.015719961374998093,0.009325399994850159
0.2639900922965215,Acceleration_Y,0,3.2974873350545937,1500,12.25100040435791,3.1801555156707764,3.1801555156707764,1500,0.24760974392197233,0.0,-0.17100000381469727,0.14594697952270508,0.3253899812698364,9.431524276733398,0.03250567987561226,0.023446720093488693,0.029574841260910034
0.2639900922965215,Acceleration_Y,0,3.304122730677863,1500,12.25100040435791,3.224395275115967,3.224395275115967,1500,0.2544535042150236,0.0,0.0430000014603138,0.3828117549419403,-0.9187481999397278,9.941143035888672,0.014121320098638535,0.04289684072136879,0.03410432115197182
0.2639900922965215,Acceleration_Y,0,3.2887718657730285,1500,12.246000289916992,3.267300844192505,3.267300844192505,1500,0.2631699713025098,0.0,0.08699999749660492,0.36127859354019165,-0.33017513155937195,9.261651992797852,0.029574841260910034,0.027976201847195625,0.032239239662885666
0.2639900922965215,Acceleration_Y,0,3.277402980418993,1500,12.246000289916992,3.296215057373047,3.296215057373047,1500,0.26733323457018504,0.0,-0.20200000703334808,0.07895492762327194,-0.5933582186698914,9.333429336547852,0.024512480944395065,0.031173480674624443,0.035702962428331375
0.2639900922965215,Acceleration_Y,0,3.267104242916205,1500,12.253999710083008,3.303474187850952,3.303474187850952,1500,0.2685919125824697,0.0,-0.3659999966621399,0.4569815397262573,-0.28710880875587463,9.256866455078125,0.046094123274087906,-0.05168936029076576,0.029041960835456848
0.2639900922965215,Acceleration_Y,0,3.241538836048326,1500,12.253999710083008,3.286454439163208,3.286454439163208,1500,0.271936829344378,0.0,-0.029999999329447746,0.36845633387565613,-0.6292468309402466,8.240023612976074,-0.003463720204308629,-0.010924040339887142,0.01465420052409172
0.2639900922965215,Acceleration_Y,0,3.2014408511536043,1500,12.255999565124512,3.2750754356384277,3.2750754356384277,1500,0.2770680066132826,0.0,0.07400000095367432,0.8637190461158752,0.009570294059813023,9.606183052062988,-0.0021315200719982386,0.006394560448825359,0.01891724020242691
0.2639900922965215,Acceleration_Y,0,3.1555846603086755,1500,12.255999565124512,3.26656436920166,3.26656436920166,1500,0.28130435698061296,0.0,0.024000000208616257,0.004785147029906511,0.7297348976135254,8.704182624816895,-0.008792520500719547,-0.018384359776973724,0.032239239662885666
0.2639900922965215,Acceleration_Y,0,3.133149092865189,1500,12.25,3.2394444942474365,3.2394444942474365,1500,0.27859820561864673,0.0,-0.3240000009536743,-0.3828117549419403,0.3134271204471588,8.476887702941895,-0.015986399725079536,-0.010391159914433956,0.02744332142174244
0.2639900922965215,Acceleration_Y,0,3.1135468212609427,1500,12.25,3.200312614440918,3.200312614440918,1500,0.2754156131958091,0.0,-0.32899999618530273,0.29189395904541016,0.3373528718948364,10.204325675964355,-0.026910440996289253,-0.040765322744846344,0.03010772168636322
0.2639900922965215,Acceleration_Y,0,3.0765463885200135,1500,12.258000373840332,3.1547324657440186,3.1547324657440186,1500,0.2772174671946648,0.0,0.006000000052154064,0.44262608885765076,-0.7632309198379517,9.788018226623535,-0.0386338010430336,0.019450120627880096,0.026910440996289253
0.2639900922965215,Acceleration_Y,0,3.0374438442988283,1500,12.258000373840332,3.1326000690460205,3.1326000690460205,1500,0.27944047838446495,0.0,0.052000001072883606,0.26796823740005493,-0.34692317247390747,8.625227928161621,0.029574841260910034,-0.03517008200287819,0.04556124284863472
0.2639900922965215,Acceleration_Y,0,2.998299395477936,1500,12.258999824523926,3.1124236583709717,3.1124236583709717,1500,0.28070929915589093,0.0,0.09399999678134918,0.5574696063995361,0.08374007046222687,8.823811531066895,0.02930840104818344,-0.06767576187849045,0.035702962428331375
0.2639900922965215,Acceleration_Y,0,2.966758633083991,1500,12.258999824523926,3.074965715408325,3.074965715408325,1500,0.27966805165019915,0.0,-0.05000000074505806,0.4952627122402191,-0.5335438847541809,10.402909278869629,0.005595240276306868,-0.009858280420303345,0.020782319828867912
0.2639900922965215,Acceleration_Y,0,2.9471671152193033,1500,12.246999740600586,3.0362353324890137,3.0362353324890137,1500,0.2762601016749285,0.0,-0.28299999237060547,-0.1196286752820015,-0.28471624851226807,8.902766227722168,0.009591840207576752,0.012789120897650719,0.02824264019727707
0.2639900922965215,Acceleration_Y,0,2.935342876444836,1500,12.246999740600586,2.997112989425659,2.997112989425659,1500,0.2724452462474454,0.0,-0.32199999690055847,0.478514701128006,0.04785146936774254,8.775959968566895,-0.0021315200719982386,0.01198980025947094,0.026377560570836067
0.2639900922965215,Acceleration_Y,0,2.933433068548343,1500,12.24899959564209,2.9652786254882812,2.9652786254882812,1500,0.26828762458407285,0.0,-0.3240000009536743,-0.17705044150352478,0.14116182923316956,8.929084777832031,0.015453520230948925,0.022913841530680656,0.032239239662885666
0.2639900922965215,Acceleration_Y,0,2.9427230146696775,1500,12.24899959564209,2.9465649127960205,2.9465649127960205,1500,0.26369280436818865,0.0,-0.3269999921321869,0.11723610013723373,-0.7225571870803833,9.500909805297852,-0.005861680023372173,0.031439922749996185,0.017851481214165688
0.2639900922965215,Acceleration_Y,0,2.9609574872437654,1500,12.255000114440918,2.934391736984253,2.934391736984253,1500,0.25931338493704115,0.0,-0.35100001096725464,0.05263661593198776,0.38041919469833374,10.690018653869629,0.03676871955394745,-0.0426304005086422,0.02238096110522747
0.3483823401618003,Acceleration_Y,0,3.395903074366669,1500,12.255000114440918,2.932689666748047,2.932689666748047,1500,0.2554788182124845,0.0,-0.3179999887943268,0.4952627122402191,-0.1626949906349182,9.386065483093262,-0.010124720633029938,-0.015719961374998093,0.006661000195890665
0.3483823401618003,Acceleration_Y,0,3.5491466489796535,1500,12.244000434875488,2.940260648727417,2.940260648727417,1500,0.2524180570544782,0.0,-0.3569999933242798,0.6531725525856018,0.5167958736419678,9.553545951843262,-0.008526080287992954,0.003463720204308629,0.015986399725079536
0.3483823401618003,Acceleration_Y,0,3.763964245365378,1500,12.244000434875488,2.9589667320251465,2.9589667320251465,1500,0.25214729462823826,0.0,-0.36000001430511475,0.6388171315193176,0.17944301664829254,9.754522323608398,-0.015453520230948925,0.01625283993780613,0.008259640075266361
0.3483823401618003,Acceleration_Y,0,3.967712253022871,1500,12.258000373840332,3.394785165786743,3.394785165786743,1500,0.2547266059840449,0.0,-0.36800000071525574,0.7345200777053833,-0.5263661742210388,8.606086730957031,-0.0031972802244126797,-0.010124720633029938,0.01811792142689228
0.3483823401618003,Acceleration_Y,0,4.136055802601954,1500,12.258000373840332,3.5480098724365234,3.5480098724365234,1500,0.2639071690647981,0.0,0.02800000086426735,0.3445305824279785,-0.543114185333252,10.319169044494629,-0.01332200039178133,-0.009325399994850159,0.023446720093488693
0.3483823401618003,Acceleration_Y,0,4.281665216481408,1500,12.260000228881836,3.7614359855651855,3.7614359855651855,1500,0.2745831737024089,0.0,-0.14000000059604645,1.2034645080566406,-0.34931573271751404,9.563116073608398,-0.020249441266059875,-0.023713160306215286,0.01332200039178133
0.3483823401618003,Acceleration_Y,0,4.363732558312085,1500,12.260000228881836,3.9657695293426514,3.9657695293426514,1500,0.2936540274465651,0.0,-0.06499999761581421,0.3947746157646179,-0.019140588119626045,8.555842399597168,-0.016519280150532722,0.008526080287992954,0.027709761634469032
0.3483823401618003,Acceleration_Y,0,4.424104825814637,1500,12.27400016784668,4.135656356811523,4.135656356811523,1500,0.3097294905108404,0.0,-0.30300000309944153,0.4641592502593994,1.0455546379089355,10.575175285339355,0.06874152272939682,-0.06367915868759155,0.044229041785001755
0.3483823401618003,Acceleration_Y,0,4.45096372793971,1500,12.27400016784668,4.280557632446289,4.280557632446289,1500,0.32478228249422875,0.0,-0.21699999272823334,1.2537084817886353,-1.497750997543335,7.840463161468506,-0.007193880155682564,0.011723360046744347,0.023446720093488693
0.3483823401618003,Acceleration_Y,0,4.437892961812935,1500,12.26200008392334,4.361525535583496,4.361525535583496,1500,0.3409110520671433,0.0,-0.20600000023841858,0.5837879180908203,-0.43784093856811523,8.517561912536621,0.016785720363259315,0.012522680684924126,0.047692760825157166
0.3483823401618003,Acceleration_Y,0,4.403726681538927,1500,12.26200008392334,4.422835350036621,4.422835350036621,1500,0.35408064656624233,0.0,-0.19900000095367432,0.18422816693782806,-0.11245095729827881,10.144511222839355,0.013588440604507923,0.039966002106666565,0.04129820317029953
0.3483823401618003,Acceleration_Y,0,4.353473585967864,1500,12.260000228881836,4.4493584632873535,4.4493584632873535,1500,0.3639703664546693,0.0,-0.2669999897480011,0.21772418916225433,0.1507321298122406,10.194755554199219,0.01065760012716055,0.019983001053333282,0.027709761634469032
0.3483823401618003,Acceleration_Y,0,4.289392584965371,1500,12.26099967956543,4.402039527893066,4.402039527893066,1500,0.370651150372738,0.0,-0.25600001215934753,0.7704086899757385,0.7440903782844543,8.828596115112305,-0.030374161899089813,-0.0002664400089997798,0.026910440996289253
0.3483823401618003,Acceleration_Y,0,4.240068400266336,1500,12.255000114440918,4.352227210998535,4.352227210998535,1500,0.3704647123694173,0.0,-0.3240000009536743,0.3445305824279785,0.818260133266449,12.037036895751953,-0.03543652221560478,-0.06367915868759155,0.03756804019212723
0.3483823401618003,Acceleration_Y,0,4.176635410151177,1500,12.255000114440918,4.352227210998535,4.352227210998535,1500,0.37327256652624674,0.0,-0.3109999895095825,0.8469710350036621,-1.6700162887573242,9.479375839233398,-0.029574841260910034,0.048492081463336945,0.03437076136469841
0.3483823401618003,Acceleration_Y,-0.496042515190835,4.120170344968713,1500,12.265000343322754,4.287639617919922,4.287639617919922,1500,0.37383381072198973,0.0,-0.24500000476837158,0.12680639326572418,-0.8094696356379938,9.850225448608398,0.06767576187849045,-0.11270412057638168,0.05728460103273392
0.3483823401618003,Acceleration_Y,-0.496042515190835,4.058080430194691,1500,12.265000343322754,4.23823881149292,4.23823881149292,1500,0.3749157147627276,0.0,-0.19499999284744263,0.488085001707077,-1.2497031940543604,9.419562339782715,-0.03277212008833885,0.01465420052409172,0.03596940264105797
0.3483823401618003,Acceleration_Y,-0.496042515190835,4.006906588006453,1500,12.243000030517578,4.174522876739502,4.174522876739502,1500,0.3733396732850779,0.0,-0.25200000405311584,0.5120107531547546,-0.7281221403205347,9.835869789123535,0.0015986401122063398,-0.0037301601842045784,0.033038560301065445
0.3483823401618003,Acceleration_Y,-0.496042515190835,3.9578081085838512,1500,12.243000030517578,4.118409156799316,4.118409156799316,1500,0.3716209428929816,0.0,-0.25200000405311584,0.23686477541923523,-1.0678676022613,8.926692008972168,0.009858280420303345,0.05302156135439873,0.030374161899089813
0.3483823401618003,Acceleration_Y,-0.496042515190835,3.915358021526962,1500,12.26099967956543,4.056347370147705,4.056347370147705,1500,0.3693164989206347,0.0,-0.3050000071525574,0.4210929274559021,-0.7089815540635538,8.785530090332031,0.03410432115197182,0.012789120897650719,0.009591840207576752
0.3483823401618003,Acceleration_Y,-0.496042515190835,3.8811908073157944,1500,12.26099967956543,4.005259990692139,4.005259990692139,1500,0.36627111357118125,0.0,-0.30300000309944153,-0.9067853689193726,-0.13954907194017885,8.900373458862305,0.06021544337272644,-0.0026644000317901373,0.026111120358109474
0.3483823401618003,Acceleration_Y,-0.496042515190835,3.84713437264492,1500,12.25100040435791,3.956052303314209,3.956052303314209,1500,0.36448775098526814,0.0,-0.2150000035762787,0.28471624851226807,0.6356447683250952,9.634893417358398,-0.009858280420303345,-0.013055560179054737,0.02824264019727707
0.3483823401618003,Acceleration_Y,-0.496042515190835,3.8075940037408276,1500,12.25100040435791,3.9135138988494873,3.9135138988494873,1500,0.36487190817216814,0.0,0.09200000017881393,-0.1315915435552597,-1.0941859139525842,8.163460731506348,-0.029574841260910034,-0.018650799989700317,0.03357144072651863
0.3483823401618003,Acceleration_Y,-0.496042515190835,3.7918569889459346,1500,12.255999565124512,3.879364490509033,3.879364490509033,1500,0.36053001772599347,0.0,-0.2630000114440918,-0.3660637438297272,0.9586422191536474,9.254474639892578,-0.0005328800179995596,-0.03756804019212723,0.03543652221560478
0.3483823401618003,Acceleration_Y,-0.496042515190835,3.780872366095003,1500,12.255999565124512,3.8453197479248047,3.8453197479248047,1500,0.35644473268039606,0.0,-0.31299999356269836,0.550291895866394,-0.8525359584414911,8.775959968566895,-0.05355444177985191,0.04209752008318901,-0.0037301601842045784
0.3483823401618003,Acceleration_Y,-0.496042515190835,3.7573079631861224,1500,12.253000259399414,3.805237293243408,3.805237293243408,1500,0.3568901003098822,0.0,0.07400000095367432,0.26796823740005493,-1.077437902840371,9.414776802062988,0.022647401317954063,-0.010391159914433956,0.025311801582574844
0.3483823401618003,Acceleration_Y,-0.496042515190835,3.7509999486499996,1500,12.253000259399414,3.7899210453033447,3.7899210453033447,1500,0.3543153284756191,0.0,-0.07599999755620956,1.136472463607788,-1.6947218431556177,10.070342063903809,-0.03197279945015907,0.0010657600359991193,0.015986399725079536
0.3483823401618003,Acceleration_Y,-0.496042515190835,3.7547334710323303,1500,12.267999649047852,3.7792255878448486,3.7792255878448486,1500,0.3503698661956286,0.0,-0.33500000834465027,-0.16508756577968597,0.449023996440177,10.510575294494629,0.027176881209015846,0.0002664400089997798,0.026377560570836067
0.3483823401618003,Acceleration_Y,-0.496042515190835,3.746578535831726,1500,12.267999649047852,3.75537109375,3.75537109375,1500,0.35047714342775765,0.0,0.09200000017881393,0.2201167643070221,-1.323872949036355,8.797492980957031,0.018384359776973724,0.036502283066511154,0.044229041785001755
0.3483823401618003,Acceleration_Y,-0.496042515190835,3.761467515583222,1500,12.258999824523926,3.749210834503174,3.749210834503174,1500,0.3464530049731222,0.0,-0.2980000078678131,-0.1004880890250206,0.5447269426262427,9.134845733642578,0.021048760041594505,0.038100920617580414,0.020782319828867912
0.3483823401618003,Acceleration_Y,-0.496042515190835,3.7764984089475138,1500,12.258999824523926,3.7526161670684814,3.7526161670684814,1500,0.34358359649113596,0.0,-0.2849999964237213,0.8972150683403015,-1.3860798729979944,7.854818820953369,0.022647401317954063,0.017851481214165688,0.03437076136469841
0.3483823401618003,Acceleration_Y,-0.496042515190835,3.7806243887706024,1500,12.244000434875488,3.7446234226226807,3.7446234226226807,1500,0.34448736674045943,0.0,0.06499999761581421,-0.17465786635875702,-0.218503977211709,7.759115695953369,0.03517008200287819,0.03943312168121338,0.038100920617580414
0.3483823401618003,Acceleration_Y,-0.496042515190835,3.8066009259413542,1500,12.244000434875488,3.7599284648895264,3.7599284648895264,1500,0.34108693494007,0.0,-0.3569999933242798,-0.22250933945178986,-1.1300744666182947,8.730501174926758,-0.03836736083030701,0.0029308400116860867,0.0213152002543211
0.3483823401618003,Acceleration_Y,-0.496042515190835,3.813273294671494,1500,12.251999855041504,3.774296522140503,3.774296522140503,1500,0.3425333731009233,0.0,0.08500000089406967,0.3325677216053009,-0.5127905300283384,9.620537757873535,0.008259640075266361,0.00905896071344614,0.019183680415153503
0.3483823401618003,Acceleration_Y,-0.496042515190835,3.830217350360442,1500,12.251999855041504,3.7794015407562256,3.7794015407562256,1500,0.34199345980918244,0.0,-0.11800000071525574,-0.11484352499246597,0.6523927198326636,7.795004367828369,-0.024246040731668472,-0.029841281473636627,0.05062360316514969
0.3483823401618003,Acceleration_Y,-0.496042515190835,3.857500956799183,1500,12.256999969482422,3.804776906967163,3.804776906967163,1500,0.33924239594375605,0.0,-0.3199999928474426,-0.019140588119626045,-0.496042515190835,8.795100212097168,-0.06261340528726578,-0.023446720093488693,0.03330500051379204
0.3483823401618003,Acceleration_Y,-0.496042515190835,3.864641460338713,1500,12.256999969482422,3.811586618423462,3.811586618423462,1500,0.3415547885097743,0.0,0.10100000351667404,-0.5000478625297546,-0.10126789942621706,9.161164283752441,-0.0029308400116860867,-0.004263040143996477,0.05089004337787628
0.3483823401618003,Acceleration_Y,-0.496042515190835,3.8909670896453354,1500,12.253000259399414,3.8290624618530273,3.8290624618530273,1500,0.3396789934518855,0.0,-0.3050000071525574,0.8685041666030884,-0.2735331757390451,8.606086730957031,0.08392859995365143,-0.0809977650642395,0.04795920103788376
0.3483823401618003,Acceleration_Y,-0.496042515190835,3.91669330297138,1500,12.253000259399414,3.8562915325164795,3.8562915325164795,1500,0.33810511745430866,0.0,-0.26100000739097595,0.028710881248116493,-0.8884245707118463,9.077424049377441,0.0021315200719982386,0.007460320368409157,0.03010772168636322
0.3483823401618003,Acceleration_Y,-0.496042515190835,3.9240370929521964,1500,12.255999565124512,3.862342119216919,3.862342119216919,1500,0.3410960437041237,0.0,0.09200000017881393,0.6962388753890991,0.0327162490761328,9.632500648498535,-0.004795920103788376,0.030640600249171257,0.046094123274087906
0.3483823401618003,Acceleration_Y,-0.496042515190835,3.9369553067200975,1500,12.255999565124512,3.889577627182007,3.889577627182007,1500,0.3423047297909375,0.0,-0.14399999380111694,0.0023925735149532557,0.7265625940239477,9.472198486328125,0.015986399725079536,0.0031972802244126797,0.020782319828867912
0.3483823401618003,Acceleration_Y,-0.496042515190835,3.9567012784602777,1500,12.260000228881836,3.9146862030029297,3.9146862030029297,1500,0.34125388952113944,0.0,-0.25,0.43066322803497314,-1.862201954277749,9.443487167358398,0.015719961374998093,0.040765322744846344,0.03010772168636322
0.31480644688052084,Acceleration_Y,-0.496042515190835,3.799350187482686,1500,12.260000228881836,3.9232001304626465,3.9232001304626465,1500,0.3432547999971487,0.0,-0.04800000041723251,1.4690401554107666,-2.3263612045371485,7.548569202423096,0.008259640075266361,0.03943312168121338,0.0386338010430336
0.31480644688052084,Acceleration_Y,-0.496042515190835,3.745820014616567,1500,12.256999969482422,3.935858726501465,3.935858726501465,1500,0.34695773934663066,0.0,0.04600000008940697,-0.5335438847541809,1.1548331724083472,10.771366119384766,0.022913841530680656,-0.019983001053333282,0.01625283993780613
0.31480644688052084,Acceleration_Y,-0.496042515190835,3.687023473217806,1500,12.256999969482422,3.954585075378418,3.954585075378418,1500,0.34478127653490726,0.0,-0.3440000116825104,-0.44262608885765076,0.6619630800163794,9.692315101623535,-0.005062360316514969,0.012789120897650719,0.014121320098638535
0.31480644688052084,Acceleration_Y,-0.496042515190835,3.629670738024386,1500,12.265999794006348,3.797349214553833,3.797349214553833,1500,0.34233848939579936,0.0,-0.25600001215934753,0.7321274876594543,-1.5392045034491968,11.465211868286133,-0.01065760012716055,-0.006927440408617258,0.021048760041594505
0.31480644688052084,Acceleration_Y,-0.496042515190835,3.5577047140125155,1500,12.265999794006348,3.744537115097046,3.744537115097046,1500,0.3440054093011503,0.0,0.029999999329447746,1.208249568939209,-1.2592734350287866,9.747344017028809,-0.02504536136984825,-0.02744332142174244,0.03437076136469841
0.31480644688052084,Acceleration_Y,-0.496042515190835,3.5108404875000527,1500,12.256999969482422,3.6856117248535156,3.6856117248535156,1500,0.3403921957627486,0.0,-0.28299999237060547,-0.2201167643070221,-0.9338834537589502,6.59871768951416,-0.050357162952423096,0.04183107987046242,0.029841281473636627
0.31480644688052084,Acceleration_Y,-0.496042515190835,3.4506949801965066,1500,12.256999969482422,3.6277313232421875,3.6277313232421875,1500,0.34032801074198854,0.0,0.03200000151991844,0.11484352499246597,0.04946426018834593,8.936262130737305,0.08312927931547165,-0.07886624336242676,0.040765322744846344
0.31480644688052084,Acceleration_Y,-0.496042515190835,3.3983380596184984,1500,12.258000373840332,3.508852481842041,3.508852481842041,1500,0.3381631975498739,0.0,-0.08500000089406967,0.29907169938087463,-0.012742663773293472,9.517657279968262,-0.0077267601154744625,0.009858280420303345,0.04529480263590813
0.31480644688052084,Acceleration_Y,-0.496042515190835,3.3694424648328742,1500,12.25100040435791,3.5085504055023193,3.5085504055023193,1500,0.33295388671069587,0.0,-0.24799999594688416,-0.06699205935001373,0.183448349086051,9.242511749267578,-0.0037301601842045784,0.022647401317954063,0.04023244231939316
0.31480644688052084,Acceleration_Y,-0.496042515190835,3.3302889866390397,1500,12.25100040435791,3.4489967823028564,3.4489967823028564,1500,0.33175097670858605,0.0,0.04800000041723251,0.17705044150352478,-0.6084934724891138,9.852617263793945,0.003463720204308629,0.05222224071621895,0.032239239662885666
0.31480644688052084,Acceleration_Y,0,3.324015342453646,1500,12.246999740600586,3.396841287612915,3.396841287612915,1500,0.32498505535685884,0.0,-0.29600000381469727,0.5694324970245361,-0.3780266046524048,8.957795143127441,0.005861680023372173,-0.007193880155682564,0.017851481214165688
0.31480644688052084,Acceleration_Y,0,3.3051601963609163,1500,12.246999740600586,3.367924690246582,3.367924690246582,1500,0.32303407855289024,0.0,0.0430000014603138,-0.43544837832450867,-0.043066322803497314,10.759403228759766,0.0005328800179995596,0.036502283066511154,0.028775520622730255
0.31480644688052084,Acceleration_Y,0,3.297365496063993,1500,12.253999710083008,3.32900333404541,3.32900333404541,1500,0.32050544494635363,0.0,0.0,0.6101062297821045,0.1004880890250206,9.120490074157715,0.0010657600359991193,-0.04556124284863472,-0.0018650800921022892
0.31480644688052084,Acceleration_Y,0,3.3202412662466867,1500,12.253999710083008,3.322195291519165,3.322195291519165,1500,0.31272715282099983,0.0,-0.2720000147819519,0.0813474953174591,0.3517082929611206,9.936357498168945,0.011190480552613735,0.005328800063580275,0.022913841530680656
0.31480644688052084,Acceleration_Y,0,3.3350102376726016,1500,12.23900032043457,3.304530143737793,3.304530143737793,1500,0.3093641087944056,0.0,0.00800000037997961,0.11005838215351105,-0.9474591016769409,9.792803764343262,-0.003463720204308629,-0.00452948035672307,0.018384359776973724
0.31480644688052084,Acceleration_Y,0,3.3538194150727647,1500,12.23900032043457,3.2960307598114014,3.2960307598114014,1500,0.3074562467457767,0.0,0.026000000536441803,0.3636711835861206,-0.8900373578071594,9.488946914672852,-0.04529480263590813,-0.02051588147878647,0.022647401317954063
0.31480644688052084,Acceleration_Y,0,3.3827222142772757,1500,12.241999626159668,3.318942070007324,3.318942070007324,1500,0.304590717836895,0.0,-0.1289999932050705,0.9905254244804382,-0.5646473169326782,10.343094825744629,-0.06367915868759155,0.040765322744846344,0.0213152002543211
0.31480644688052084,Acceleration_Y,0,3.426782519811055,1500,12.241999626159668,3.3342444896698,3.3342444896698,1500,0.29977398103966124,0.0,-0.26100000739097595,0.4282706677913666,-0.4163077771663666,9.189874649047852,0.092987559735775,-0.0889909639954567,0.0426304005086422
0.31480644688052084,Acceleration_Y,0,3.4508683177073474,1500,12.256999969482422,3.3519489765167236,3.3519489765167236,1500,0.3009844873406891,0.0,0.08699999749660492,-0.028710881248116493,0.05981433764100075,9.840654373168945,0.018384359776973724,-0.013854880817234516,0.04049888253211975
0.31480644688052084,Acceleration_Y,0,3.474527295296476,1500,12.256999969482422,3.3808891773223877,3.3808891773223877,1500,0.3027196938832011,0.0,0.07199999690055847,0.48090726137161255,0.2895013988018036,10.034453392028809,0.006661000195890665,-0.031439922749996185,0.018384359776973724
0.31480644688052084,Acceleration_Y,0,3.5147311355367132,1500,12.248000144958496,3.4243366718292236,3.4243366718292236,1500,0.300318329695735,0.0,-0.3490000069141388,0.6029285192489624,-0.5215809941291809,9.338213920593262,0.0077267601154744625,0.023446720093488693,0.048492081463336945
0.31480644688052084,Acceleration_Y,0,3.5331272754753367,1500,12.248000144958496,3.4481523036956787,3.4481523036956787,1500,0.30285698984210363,0.0,0.09399999678134918,-0.2009761780500412,-0.6962388753890991,9.517657279968262,-0.0021315200719982386,0.020782319828867912,0.03890024125576019
0.31480644688052084,Acceleration_Y,0,3.556407372351262,1500,12.260000228881836,3.4736666679382324,3.4736666679382324,1500,0.30401567627675297,0.0,-0.11800000071525574,0.15312470495700836,-0.014355440624058247,9.230548858642578,0.02051588147878647,0.031439922749996185,0.031173480674624443
0.31480644688052084,Acceleration_Y,0,3.5896304397119287,1500,12.260000228881836,3.5128307342529297,3.5128307342529297,1500,0.3023615318524471,0.0,-0.3490000069141388,0.1890133023262024,-0.3253899812698364,9.840654373168945,-0.007193880155682564,0.01065760012716055,0.03676871955394745
0.31480644688052084,Acceleration_Y,0,3.599621950014614,1500,12.26200008392334,3.532137393951416,3.532137393951416,1500,0.3058106722865451,0.0,0.05400000140070915,0.42348551750183105,0.6818834543228149,10.170829772949219,-0.004263040143996477,0.02664400078356266,0.02584468014538288
0.31480644688052084,Acceleration_Y,0,3.627846972088727,1500,12.26200008392334,3.554277181625366,3.554277181625366,1500,0.30472793952315974,0.0,-0.36000001430511475,0.22490191459655762,-0.9307110905647278,8.046224594116211,-0.0026644000317901373,-0.047692760825157166,0.0002664400089997798
0.31480644688052084,Acceleration_Y,0,3.633034246734293,1500,12.23799991607666,3.58811354637146,3.58811354637146,1500,0.3081519304472729,0.0,0.08500000089406967,0.4450186789035797,-0.31821227073669434,8.905158996582031,0.0007993200561031699,-0.012522680684924126,-0.0029308400116860867
0.31480644688052084,Acceleration_Y,0,3.6524299132776723,1500,12.23799991607666,3.5983119010925293,3.5983119010925293,1500,0.30780845242437227,0.0,-0.3310000002384186,0.13398411870002747,1.5575653314590454,9.127668380737305,-0.006927440408617258,-0.020782319828867912,0.034637201577425
0.31480644688052084,Acceleration_Y,0,3.659573447011708,1500,12.244000434875488,3.625584602355957,3.625584602355957,1500,0.3095253235819159,0.0,-0.03200000151991844,0.2440425008535385,-0.5359364748001099,9.766485214233398,-0.058083921670913696,0.0018650800921022892,0.017851481214165688
0.31480644688052084,Acceleration_Y,0,3.6670887680351028,1500,12.244000434875488,3.6323869228363037,3.6323869228363037,1500,0.31070860997105826,0.0,-0.19900000095367432,0.0023925735149532557,-1.227390170097351,10.216288566589355,-0.03357144072651863,0.032239239662885666,0.012256240472197533
0.31480644688052084,Acceleration_Y,0,3.6647398658679182,1500,12.258000373840332,3.651862621307373,3.651862621307373,1500,0.31328907043175025,0.0,0.0020000000949949026,0.5455067753791809,-0.11484352499246597,10.115800857543945,0.11803292483091354,-0.09405332058668137,0.03170635923743248
0.31480644688052084,Acceleration_Y,0,3.6697277574886837,1500,12.258000373840332,3.658672571182251,3.658672571182251,1500,0.3133902942701828,0.0,-0.30000001192092896,0.05981433764100075,-0.019140588119626045,9.926787376403809,-0.018384359776973724,0.0037301601842045784,0.018384359776973724
0.31754735200191486,Acceleration_Y,0,3.668860855921146,1500,12.256999969482422,3.6668858528137207,3.6668858528137207,1500,0.31698376647247495,0.0,0.08699999749660492,0.2583979368209839,-1.1484352350234985,10.623025894165039,-0.005595240276306868,-0.005062360316514969,0.006927440408617258
0.31754735200191486,Acceleration_Y,0,3.6715052655634817,1500,12.256999969482422,3.6634812355041504,3.6634812355041504,1500,0.31684045346206785,0.0,-0.3160000145435333,-0.4569815397262573,-0.7656235098838806,8.338118553161621,0.03543652221560478,0.010391159914433956,0.04955784231424332
0.31754735200191486,Acceleration_Y,0,3.658546811794247,1500,12.263999938964844,3.6672768592834473,3.6672768592834473,1500,0.3198168868065401,0.0,0.10700000077486038,0.4402335286140442,-0.677098274230957,7.964877128601074,0.035702962428331375,-0.0077267601154744625,0.027709761634469032
0.31754735200191486,Acceleration_Y,0,3.659831737900171,1500,12.263999938964844,3.6672768592834473,3.6672768592834473,1500,0.3189899361922513,0.0,-0.33799999952316284,0.22490191459655762,-0.7440903782844543,10.252177238464355,-0.005328800063580275,0.011190480552613735,0.029841281473636627
0.31754735200191486,Acceleration_Y,0,3.6417928575140115,1500,12.251999855041504,3.67049503326416,3.67049503326416,1500,0.3219023447459971,0.0,0.09399999678134918,0.5383290648460388,0.02631830796599388,10.323954582214355,0.029574841260910034,0.016785720363259315,0.03330500051379204
0.31754735200191486,Acceleration_Y,0,3.641261613495451,1500,12.251999855041504,3.65688157081604,3.65688157081604,1500,0.32047276326238533,0.0,-0.3330000042915344,-0.009570294059813023,-0.9426739811897278,9.878935813903809,0.011456920765340328,-0.028775520622730255,0.029041960835456848
0.31754735200191486,Acceleration_Y,0,3.6223487188370007,1500,12.25,3.6579861640930176,3.6579861640930176,1500,0.32277981704026093,0.0,0.06300000101327896,-0.7225571870803833,0.6101062297821045,9.957890510559082,0.013588440604507923,-0.008526080287992954,0.02477892115712166
0.31754735200191486,Acceleration_Y,0,3.6150644367943423,1500,12.25,3.639270782470703,3.639270782470703,1500,0.32223495713638545,0.0,-0.2540000081062317,-0.7512680888175964,0.9115704894065857,9.412384033203125,-0.019450120627880096,-0.02744332142174244,0.03756804019212723
0.31754735200191486,Acceleration_Y,0,3.5997699816521953,1500,12.25,3.639270782470703,3.639270782470703,1500,0.3231222641281369,0.0,-0.020999999716877937,-0.3588860332965851,0.014355440624058247,9.244903564453125,-0.06501135975122452,-0.014920640736818314,0.03410432115197182
0.31754735200191486,Acceleration_Y,0,3.586206268430783,1500,12.25,3.6205556392669678,3.6205556392669678,1500,0.3234806477342389,0.0,-0.14900000393390656,-0.21772418916225433,-0.09809551388025284,8.878840446472168,-0.04049888253211975,0.006661000195890665,0.033038560301065445
0.31754735200191486,Acceleration_Y,0,3.575065920677817,1500,12.255999565124512,3.6138174533843994,3.6138174533843994,1500,0.323082902354584,0.0,-0.14900000393390656,-0.15790985524654388,0.8326155543327332,11.044118881225586,0.11456920206546783,-0.13828235864639282,0.04449548199772835
0.31754735200191486,Acceleration_Y,0,3.5602788216796966,1500,12.255999565124512,3.5984976291656494,3.5984976291656494,1500,0.323500231212408,0.0,-0.061000000685453415,-0.03828117623925209,-0.34692317247390747,9.220978736877441,-0.021048760041594505,-0.0231802798807621,0.031173480674624443
0.31754735200191486,Acceleration_Y,0,3.5523382853198204,1500,12.256999969482422,3.585172414779663,3.585172414779663,1500,0.32244471595414276,0.0,-0.16899999976158142,0.35649344325065613,-0.5072255730628967,10.288065910339355,-0.011456920765340328,-0.02051588147878647,0.010391159914433956
0.31754735200191486,Acceleration_Y,0,3.5387127707918515,1500,12.256999969482422,3.573256015777588,3.573256015777588,1500,0.3228077314923477,0.0,-0.09799999743700027,-0.4282706677913666,0.02631830796599388,9.917217254638672,0.0026644000317901373,0.01198980025947094,0.03357144072651863
0.31754735200191486,Acceleration_Y,0,3.5308075436414215,1500,12.25100040435791,3.559596300125122,3.559596300125122,1500,0.3220553267306387,0.0,-0.09600000083446503,-0.4450186789035797,-0.09331036359071732,9.366925239562988,0.007460320368409157,-0.005861680023372173,0.019183680415153503
0.31754735200191486,Acceleration_Y,0,3.5228809750521903,1500,12.25100040435791,3.551088571548462,3.551088571548462,1500,0.3214761109319218,0.0,-0.17100000381469727,-0.15551728010177612,-0.5909656286239624,9.809551239013672,-0.012522680684924126,-0.0015986401122063398,0.027976201847195625
0.31754735200191486,Acceleration_Y,0,3.510611147145752,1500,12.255999565124512,3.537217617034912,3.537217617034912,1500,0.3220847569908886,0.0,0.020999999716877937,-0.07656235247850418,-0.47372955083847046,8.773567199707031,0.014121320098638535,-0.011723360046744347,0.029841281473636627
0.31754735200191486,Acceleration_Y,0,3.511150703409436,1500,12.255999565124512,3.5287065505981445,3.5287065505981445,1500,0.3199689302018447,0.0,-0.2849999964237213,0.14594697952270508,0.043066322803497314,8.012728691101074,-0.008259640075266361,-0.016519280150532722,0.01971656084060669
0.31754735200191486,Acceleration_Y,0,3.499898913079214,1500,12.253000259399414,3.521035671234131,3.521035671234131,1500,0.32081723408783713,0.0,0.04800000041723251,-0.3014642596244812,0.8732893466949463,9.512872695922852,0.02477892115712166,-0.03170635923743248,0.017585041001439095
0.31754735200191486,Acceleration_Y,0,3.5062602104589513,1500,12.253000259399414,3.5091233253479004,3.5091233253479004,1500,0.3181289244598897,0.0,-0.2849999964237213,0.25361278653144836,-0.3780266046524048,9.539190292358398,-0.005062360316514969,-0.04316328093409538,0.02824264019727707
0.31754735200191486,Acceleration_Y,0,3.498766898199258,1500,12.25100040435791,3.510251998901367,3.510251998901367,1500,0.3189607259715018,0.0,0.013000000268220901,0.007177720312029123,-0.44980382919311523,10.355057716369629,-0.04875852167606354,-0.007193880155682564,0.03090704046189785
0.31754735200191486,Acceleration_Y,0,3.506372974554347,1500,12.25100040435791,3.4983410835266113,3.4983410835266113,1500,0.3168739920664355,0.0,-0.20200000703334808,-0.12919896841049194,-0.07177720218896866,8.641975402832031,-0.04049888253211975,0.015719961374998093,0.030640600249171257
0.31754735200191486,Acceleration_Y,0,3.5085590110144853,1500,12.246999740600586,3.5057036876678467,3.5057036876678467,1500,0.3163914925655026,0.0,-0.09200000017881393,0.48090726137161255,-0.488085001707077,9.273614883422852,0.09431976079940796,-0.09085604548454285,0.04742632061243057
0.31754735200191486,Acceleration_Y,0,3.505391125860745,1500,12.246999740600586,3.4971988201141357,3.4971988201141357,1500,0.3175012545819678,0.0,0.052000001072883606,-0.38759690523147583,0.28471624851226807,11.54177474975586,-0.03250567987561226,-0.005595240276306868,0.024512480944395065
0.31754735200191486,Acceleration_Y,0,3.51943968190885,1500,12.251999855041504,3.5054333209991455,3.5054333209991455,1500,0.31480917525457913,0.0,-0.30300000309944153,0.552684485912323,0.12441382557153702,9.433917045593262,0.004263040143996477,-0.015187080949544907,0.022114520892500877
0.31754735200191486,Acceleration_Y,0,3.5158149769504097,1500,12.251999855041504,3.5071349143981934,3.5071349143981934,1500,0.31638267671128595,0.0,0.03500000014901161,0.82783043384552,0.3253899812698364,9.811944007873535,0.00452948035672307,0.0231802798807621,0.031173480674624443
0.31754735200191486,Acceleration_Y,0,3.531241389282253,1500,12.239999771118164,3.503699779510498,3.503699779510498,1500,0.31400245019745027,0.0,-0.27799999713897705,0.6962388753890991,-0.1626949906349182,9.663604736328125,-0.005062360316514969,0.034637201577425,0.02397960051894188
0.31754735200191486,Acceleration_Y,0,3.5299843436045535,1500,12.239999771118164,3.5172998905181885,3.5172998905181885,1500,0.31551309494795887,0.0,0.04600000008940697,0.5144032835960388,-0.6436022520065308,11.063260078430176,0.004263040143996477,0.01705216057598591,0.018650799989700317
0.31754735200191486,Acceleration_Y,0,3.5420128418888983,1500,12.25,3.5133681297302246,3.5133681297302246,1500,0.31422757534356793,0.0,-0.26499998569488525,0.4761221408843994,0.8134750127792358,8.448177337646484,-0.0010657600359991193,0.02584468014538288,0.029574841260910034
0.31754735200191486,Acceleration_Y,0,3.550501942938097,1500,12.25,3.530381917953491,3.530381917953491,1500,0.3138036591012018,0.0,-0.12700000405311584,-0.055029191076755524,-0.5670399069786072,9.237726211547852,0.0002664400089997798,0.029574841260910034,0.016785720363259315
0.3256730624267137,Acceleration_Y,0,3.59088968950936,1500,12.255000114440918,3.528418779373169,3.528418779373169,1500,0.3152698352769037,0.0,0.024000000208616257,0.0502440445125103,-0.9331036806106567,8.819025993347168,-0.007460320368409157,-0.01705216057598591,0.02504536136984825
0.3256730624267137,Acceleration_Y,0,3.6203327303333728,1500,12.255000114440918,3.5403332710266113,3.5403332710266113,1500,0.3129250171331014,0.0,-0.28700000047683716,0.021533161401748657,-0.13637669384479523,8.869270324707031,-0.014920640736818314,-0.0013322000158950686,0.024246040731668472
0.3256730624267137,Acceleration_Y,0,3.641367655158318,1500,12.26200008392334,3.5491676330566406,3.5491676330566406,1500,0.31411552235020496,0.0,0.029999999329447746,0.4832998514175415,-0.2703607976436615,9.199444770812988,-0.01332200039178133,0.0002664400089997798,0.031439922749996185
0.3256730624267137,Acceleration_Y,0,3.6739603892424677,1500,12.26200008392334,3.5883378982543945,3.5883378982543945,1500,0.31295374558294975,0.0,-0.30000001192092896,-0.19858360290527344,0.5646473169326782,8.395540237426758,-0.0695408433675766,0.051955800503492355,0.03890024125576019
0.3256730624267137,Acceleration_Y,0,3.6913762434283597,1500,12.269000053405762,3.6193549633026123,3.6193549633026123,1500,0.3150729770127546,0.0,0.11400000005960464,0.0693846344947815,0.06220691278576851,8.785530090332031,0.05222224071621895,-0.021848080679774284,0.04103176295757294
0.3256730624267137,Acceleration_Y,0,3.718235646595637,1500,12.269000053405762,3.639803409576416,3.639803409576416,1500,0.3148013148698977,0.0,-0.3160000145435333,0.6196765303611755,0.6124988198280334,9.905254364013672,0.017585041001439095,0.003996599931269884,0.029574841260910034
0.3256730624267137,Acceleration_Y,0,3.7302807251628995,1500,12.269000053405762,3.672179937362671,3.672179937362671,1500,0.317313600657953,0.0,0.07199999690055847,0.3780266046524048,0.3899894952774048,8.807063102722168,-0.0077267601154744625,-0.034903641790151596,0.022913841530680656
0.3256730624267137,Acceleration_Y,0,3.7538310953104914,1500,12.269000053405762,3.6892201900482178,3.6892201900482178,1500,0.31675123353735235,0.0,-0.3199999928474426,0.689061164855957,0.1626949906349182,8.043831825256348,-0.018650799989700317,0.03703515976667404,0.029841281473636627
0.3256730624267137,Acceleration_Y,0,3.760430242642676,1500,12.246999740600586,3.7166242599487305,3.7166242599487305,1500,0.31943892515801925,0.0,0.10499999672174454,0.42348551750183105,0.11005838215351105,9.022395133972168,-0.0013322000158950686,0.034637201577425,0.02477892115712166
0.3256730624267137,Acceleration_Y,0,3.7781784595133217,1500,12.246999740600586,3.7285311222076416,3.7285311222076416,1500,0.31911272483382686,0.0,-0.34200000762939453,0.4832998514175415,-0.29907169938087463,9.438702583312988,0.034637201577425,0.04396260157227516,0.03277212008833885
0.3256730624267137,Acceleration_Y,0,3.7757155708250045,1500,12.241000175476074,3.752206563949585,3.752206563949585,1500,0.32261184959967515,0.0,0.09200000017881393,0.20336875319480896,-0.6196765303611755,9.637286186218262,-0.02238096110522747,0.039166681468486786,0.022114520892500877
0.3256730624267137,Acceleration_Y,0,3.778267922310522,1500,12.241000175476074,3.759007215499878,3.759007215499878,1500,0.3240821337248469,0.0,-0.18199999630451202,0.5072255730628967,-0.6603502631187439,8.902766227722168,0.02930840104818344,0.05568596348166466,0.04582768306136131
0.3256730624267137,Acceleration_Y,0,3.78240705746795,1500,12.246000289916992,3.7775509357452393,3.7775509357452393,1500,0.32420867513328705,0.0,-0.2980000078678131,-0.478514701128006,0.33496028184890747,10.249784469604492,-0.02504536136984825,0.036502283066511154,0.029841281473636627
0.3256730624267137,Acceleration_Y,0,3.7710870647710943,1500,12.246000289916992,3.7741494178771973,3.7741494178771973,1500,0.32724269549325874,0.0,0.10499999672174454,0.38041919469833374,-0.4761221408843994,8.031868934631348,0.006927440408617258,-0.007193880155682564,0.02930840104818344
0.3256730624267137,Acceleration_Y,0,3.7761732106260717,1500,12.246999740600586,3.776158332824707,3.776158332824707,1500,0.32596572737181156,0.0,-0.36000001430511475,0.7847641110420227,0.05263661593198776,9.496124267578125,-0.023446720093488693,-0.025578241795301437,0.03517008200287819
0.3256730624267137,Acceleration_Y,0,3.7602283729121924,1500,12.246999740600586,3.7812612056732178,3.7812612056732178,1500,0.3289081873637186,0.0,0.07000000029802322,-0.14594697952270508,0.2129390388727188,8.469710350036621,-0.09165536612272263,0.07433675974607468,0.0578174814581871
0.3256730624267137,Acceleration_Y,0,3.742532567960238,1500,12.255000114440918,3.7701146602630615,3.7701146602630615,1500,0.33154115339774337,0.0,-0.03500000014901161,0.2895013988018036,-0.33496028184890747,7.850033760070801,0.0735374391078949,-0.08712588250637054,0.05488664284348488
0.3256730624267137,Acceleration_Y,0,3.737703582961789,1500,12.255000114440918,3.7752208709716797,3.7752208709716797,1500,0.3302478150214318,0.0,-0.34200000762939453,-0.0813474953174591,-0.6077136397361755,9.761699676513672,-0.03437076136469841,-0.015986399725079536,0.037301599979400635
0.3256730624267137,Acceleration_Y,0,3.712617108014203,1500,12.260000228881836,3.7597334384918213,3.7597334384918213,1500,0.3330829623320167,0.0,0.10100000351667404,0.3445305824279785,0.7034165859222412,10.249784469604492,0.0,-0.012789120897650719,0.024246040731668472
0.3256730624267137,Acceleration_Y,0,3.7005007453037386,1500,12.260000228881836,3.7410027980804443,3.7410027980804443,1500,0.3326149528014661,0.0,-0.24300000071525574,0.46176669001579285,-0.3971672058105469,9.118097305297852,0.027176881209015846,0.0031972802244126797,0.03676871955394745
0.3256730624267137,Acceleration_Y,0,3.6928204377491127,1500,12.258000373840332,3.7352850437164307,3.7352850437164307,1500,0.3308969786391538,0.0,-0.2849999964237213,-0.5766102075576782,1.2226051092147827,9.833477020263672,-0.009858280420303345,0.006128120236098766,0.04902496188879013
0.3256730624267137,Acceleration_Y,0,3.667740870556283,1500,12.258000373840332,3.7114500999450684,3.7114500999450684,1500,0.3333624051269453,0.0,0.06300000101327896,0.29907169938087463,-0.5048329830169678,7.615561485290527,0.013588440604507923,0.0173186007887125,0.021848080679774284
0.3256730624267137,Acceleration_Y,0,3.6630831721267727,1500,12.241000175476074,3.6995022296905518,3.6995022296905518,1500,0.3311639402723975,0.0,-0.3070000112056732,0.0,0.24882765114307404,9.622930526733398,-0.005861680023372173,0.03703515976667404,0.04023244231939316
0.3256730624267137,Acceleration_Y,0,3.6391865132000403,1500,12.241000175476074,3.6910014152526855,3.6910014152526855,1500,0.33318024309166255,0.0,0.08299999684095383,0.22490191459655762,1.3111302852630615,10.378983497619629,-0.027176881209015846,-0.0010657600359991193,0.014387760311365128
0.3256730624267137,Acceleration_Y,0,3.6389109722292847,1500,12.248000144958496,3.6658942699432373,3.6658942699432373,1500,0.33008836540380826,0.0,-0.3070000112056732,-0.16748014092445374,-0.2560053765773773,9.029572486877441,0.004795920103788376,0.007193880155682564,0.036502283066511154
0.3256730624267137,Acceleration_Y,0,3.6235349159378845,1500,12.248000144958496,3.662492036819458,3.662492036819458,1500,0.33069800419003326,0.0,0.024000000208616257,1.136472463607788,-1.2106422185897827,10.335917472839355,-0.004795920103788376,-0.011723360046744347,0.026111120358109474
0.3256730624267137,Acceleration_Y,0,3.622736724844211,1500,12.258000373840332,3.638242721557617,3.638242721557617,1500,0.32863286728583124,0.0,-0.3070000112056732,0.8685041666030884,-0.275145947933197,10.560819625854492,-0.03437076136469841,-0.01465420052409172,0.04662699997425079
0.3256730624267137,Acceleration_Y,0,3.619701174540741,1500,12.258000373840332,3.636539936065674,3.636539936065674,1500,0.3275444096925241,0.0,-0.10700000077486038,0.6388171315193176,-0.9091779589653015,9.632500648498535,0.014920640736818314,0.003996599931269884,0.051156483590602875
0.3256730624267137,Acceleration_Y,0,3.607771894540374,1500,12.263999938964844,3.621286630630493,3.621286630630493,1500,0.32895699333443773,0.0,-0.03500000014901161,0.9857403039932251,-0.10288066416978836,10.778543472290039,0.0655442401766777,-0.06927440315485,0.031439922749996185
0.3256730624267137,Acceleration_Y,0,3.613052380182762,1500,12.263999938964844,3.621286630630493,3.621286630630493,1500,0.32657738299044803,0.0,-0.2409999966621399,0.7153794765472412,-0.4282706677913666,9.857402801513672,0.011723360046744347,-0.061281200498342514,0.01891724020242691
0.3256730624267137,Acceleration_Y,0,3.6013816912496295,1500,12.251999855041504,3.6177432537078857,3.6177432537078857,1500,0.3281720828141312,0.0,0.039000000804662704,0.3947746157646179,0.057421762496232986,9.146808624267578,-0.008259640075266361,0.0018650800921022892,0.031439922749996185
0.3256730624267137,Acceleration_Y,0,3.6104966765896833,1500,12.251999855041504,3.6058316230773926,3.6058316230773926,1500,0.32539658409632133,0.0,-0.27000001072883606,0.3206048607826233,-0.16508756577968597,9.630107879638672,-0.006394560448825359,0.03090704046189785,0.02158164046704769
0.3256730624267137,Acceleration_Y,0,3.599912482685345,1500,12.25100040435791,3.6123435497283936,3.6123435497283936,1500,0.3272488447113578,0.0,0.03500000014901161,0.7512680888175964,0.009570294059813023,9.304718017578125,0.017851481214165688,0.01332200039178133,0.040765322744846344
0.3256730624267137,Acceleration_Y,0,3.6128306527072107,1500,12.25100040435791,3.600432872772217,3.600432872772217,1500,0.32415956983695354,0.0,-0.2919999957084656,0.8517561554908752,-0.5383290648460388,9.412384033203125,-0.004263040143996477,-0.007993199862539768,0.013588440604507923
0.3256730624267137,Acceleration_Y,0,3.6033326142923077,1500,12.253000259399414,3.609529733657837,3.609529733657837,1500,0.3263104616604187,0.0,0.04600000008940697,0.6723131537437439,0.04067374765872955,9.500909805297852,0.0007993200561031699,0.0018650800921022892,0.031173480674624443
0.3256730624267137,Acceleration_Y,0,3.618062181960167,1500,12.253000259399414,3.5976169109344482,3.5976169109344482,1500,0.323333066788572,0.0,-0.289000004529953,0.7632309198379517,-1.081443190574646,9.077424049377441,-0.034903641790151596,-0.031439922749996185,0.015187080949544907
0.3256730624267137,Acceleration_Y,0,3.6118546758781847,1500,12.239999771118164,3.61080002784729,3.61080002784729,1500,0.32520740210403165,0.0,0.06800000369548798,0.7632309198379517,-1.1891090869903564,8.639582633972168,0.010391159914433956,-0.019450120627880096,0.034637201577425
0.3256730624267137,Acceleration_Y,0,3.6296433770769503,1500,12.239999771118164,3.602299690246582,3.602299690246582,1500,0.3220658714111584,0.0,-0.2939999997615814,0.6220691204071045,-0.6436022520065308,8.986506462097168,-0.022114520892500877,-0.04449548199772835,0.018650799989700317
0.3256730624267137,Acceleration_Y,0,3.6258158900396142,1500,12.25,3.617152690887451,3.617152690887451,1500,0.32401105280437725,0.0,0.04800000041723251,0.4832998514175415,-0.28710880875587463,10.448368072509766,-0.039966002106666565,-0.018650799989700317,0.04582768306136131
0.3256730624267137,Acceleration_Y,0,3.642591616973681,1500,12.25,3.610347270965576,3.610347270965576,1500,0.32164292790873866,0.0,-0.28299999237060547,0.011962867341935635,0.3660637438297272,8.543879508972168,0.014121320098638535,-0.02744332142174244,0.04556124284863472
0.3256730624267137,Acceleration_Y,0,3.6364793804146136,1500,12.25,3.6273610591888428,3.6273610591888428,1500,0.3243817946468249,0.0,0.09799999743700027,0.38041919469833374,0.4450186789035797,9.096564292907715,0.06154764071106911,-0.08632656186819077,0.034903641790151596
0.3256730624267137,Acceleration_Y,0,3.6551506163732834,1500,12.25,3.6239583492279053,3.6239583492279053,1500,0.3215816602969249,0.0,-0.32199999690055847,0.2440425008535385,0.6029285192489624,10.259355545043945,-0.0013322000158950686,-0.036502283066511154,0.02477892115712166
0.3256730624267137,Acceleration_Y,0,3.649857910372572,1500,12.258000373840332,3.6416475772857666,3.6416475772857666,1500,0.32410946555432035,0.0,0.08699999749660492,0.41152265667915344,-0.2440425008535385,10.567996978759766,-0.0231802798807621,0.005328800063580275,0.027709761634469032
0.3256730624267137,Acceleration_Y,0,3.6657938623097723,1500,12.258000373840332,3.6348376274108887,3.6348376274108887,1500,0.3219652578893077,0.0,-0.3269999921321869,0.1890133023262024,0.12919896841049194,10.457939147949219,0.03197279945015907,0.0031972802244126797,0.01811792142689228
0.3256730624267137,Acceleration_Y,0,3.6607622872923065,1500,12.260000228881836,3.654161214828491,3.654161214828491,1500,0.3243696310387085,0.0,0.08299999684095383,0.43066322803497314,0.0023925735149532557,10.304814338684082,0.0007993200561031699,0.036502283066511154,0.040765322744846344
0.3256730624267137,Acceleration_Y,0,3.6759683119064497,1500,12.260000228881836,3.6473500728607178,3.6473500728607178,1500,0.32223521204370353,0.0,-0.27799999713897705,-0.03828117623925209,-0.05263661593198776,9.555938720703125,-0.009591840207576752,0.024512480944395065,0.014387760311365128
0.3256730624267137,Acceleration_Y,0,3.668464498183136,1500,12.255000114440918,3.664585590362549,3.664585590362549,1500,0.3250253864231917,0.0,0.08699999749660492,-0.17465786635875702,0.9235333800315857,9.919610023498535,0.009325399994850159,0.007460320368409157,0.034637201577425
0.3256730624267137,Acceleration_Y,0,3.6815400236540303,1500,12.255000114440918,3.6594791412353516,3.6594791412353516,1500,0.3230889248370236,0.0,-0.3160000145435333,-0.18422816693782806,0.3780266046524048,9.158771514892578,-0.016785720363259315,-0.007993199862539768,0.010124720633029938
0.3256730624267137,Acceleration_Y,0,3.672987408813106,1500,12.258000373840332,3.67399525642395,3.67399525642395,1500,0.32573190245165073,0.0,0.08699999749660492,-0.20576132833957672,1.0072734355926514,9.395636558532715,-0.0018650800921022892,0.0010657600359991193,0.031439922749996185
0.3256730624267137,Acceleration_Y,0,3.6871121579367014,1500,12.258000373840332,3.667185068130493,3.667185068130493,1500,0.3232276009189083,0.0,-0.3330000042915344,0.09091779589653015,0.6053211092948914,8.783137321472168,-0.0077267601154744625,-0.04715988039970398,0.013854880817234516
0.3256730624267137,Acceleration_Y,0,3.6768187410116804,1500,12.265999794006348,3.679799795150757,3.679799795150757,1500,0.3260713561829345,0.0,0.07000000029802322,0.24643507599830627,0.49287015199661255,9.182697296142578,-0.03969956189393997,-0.009858280420303345,0.043429721146821976
0.3256730624267137,Acceleration_Y,0,3.683013703251249,1500,12.265999794006348,3.6712820529937744,3.6712820529937744,1500,0.3250782659994961,0.0,-0.16599999368190765,-0.2201167643070221,0.34931573271751404,8.909943580627441,0.04049888253211975,-0.03596940264105797,0.03969956189393997
0.3256730624267137,Acceleration_Y,0,3.6850643290457814,1500,12.241999626159668,3.686202049255371,3.686202049255371,1500,0.32476726033915415,0.0,-0.1599999964237213,0.42348551750183105,0.0,9.185090065002441,0.021048760041594505,-0.05062360316514969,0.033038560301065445
0.3256730624267137,Acceleration_Y,0,3.6796021013527516,1500,12.241999626159668,3.674300193786621,3.674300193786621,1500,0.3262623347308445,0.0,0.01899999938905239,0.8134750127792358,-0.9929180145263672,7.850033760070801,-0.007460320368409157,-0.04289684072136879,0.01332200039178133
0.3256730624267137,Acceleration_Y,0,3.686668779719387,1500,12.255000114440918,3.6816062927246094,3.6816062927246094,1500,0.32477812972169323,0.0,-0.2849999964237213,0.7704086899757385,-0.08852522075176239,8.359651565551758,-0.01065760012716055,-0.007460320368409157,0.019450120627880096
0.3256730624267137,Acceleration_Y,0,3.677212032074334,1500,12.255000114440918,3.6833083629608154,3.6833083629608154,1500,0.3268981617072477,0.0,0.07400000095367432,0.555077075958252,-0.7034165859222412,9.204230308532715,0.0386338010430336,0.01065760012716055,0.00905896071344614
0.3256730624267137,Acceleration_Y,0,3.684648980906822,1500,12.23900032043457,3.678499698638916,3.678499698638916,1500,0.3251461047701161,0.0,-0.3310000002384186,0.6579577326774597,-0.82783043384552,10.472293853759766,0.013588440604507923,0.027976201847195625,0.01465420052409172
0.28583066197026674,Acceleration_Y,0,3.4820235553835577,1500,12.23900032043457,3.6852989196777344,3.6852989196777344,1500,0.32703365632514375,0.0,0.10899999737739563,0.3756340444087982,-0.6723131537437439,11.663795471191406,-0.0007993200561031699,0.017585041001439095,0.0077267601154744625
0.28583066197026674,Acceleration_Y,0,3.429370071431825,1500,12.243000030517578,3.6763007640838623,3.6763007640838623,1500,0.32565088586403107,0.0,-0.3179999887943268,0.8493635654449463,0.011962867341935635,10.161259651184082,0.004795920103788376,0.02930840104818344,0.01891724020242691
0.28583066197026674,Acceleration_Y,0,3.333878140015352,1500,12.243000030517578,3.6831023693084717,3.6831023693084717,1500,0.3266376703187682,0.0,0.09799999743700027,1.0790506601333618,-0.12919896841049194,10.661307334899902,-0.014387760311365128,-0.010924040339887142,0.00905896071344614
0.28583066197026674,Acceleration_Y,0,3.2581855799070802,1500,12.265000343322754,3.480193853378296,3.480193853378296,1500,0.3234874511208017,0.0,-0.3050000071525574,0.2512202262878418,0.2009761780500412,9.888505935668945,-0.0018650800921022892,0.04529480263590813,0.015187080949544907
0.28583066197026674,Acceleration_Y,0,3.1754297994645526,1500,12.265000343322754,3.4273862838745117,3.4273862838745117,1500,0.32255794338052673,0.0,0.0430000014603138,0.6818834543228149,-0.11245095729827881,9.692315101623535,-0.01198980025947094,-0.026377560570836067,0.005328800063580275
0.28583066197026674,Acceleration_Y,0,3.1125219705338347,1500,12.24899959564209,3.3327486515045166,3.3327486515045166,1500,0.3183253400846046,0.0,-0.2150000035762787,0.6675280332565308,-0.18422816693782806,9.462628364562988,-0.05994900315999985,0.005595240276306868,0.03517008200287819
0.28583066197026674,Acceleration_Y,0,3.0668652520774424,1500,12.24899959564209,3.256192445755005,3.256192445755005,1500,0.3119716485162506,0.0,-0.2720000147819519,0.4641592502593994,0.27993109822273254,9.850225448608398,0.05835036188364029,-0.056218840181827545,0.0463605597615242
0.28583066197026674,Acceleration_Y,0,3.01315770411318,1500,12.246000289916992,3.173755168914795,3.173755168914795,1500,0.30986969184783886,0.0,0.03500000014901161,0.07416977733373642,0.37324145436286926,9.429132461547852,0.026910440996289253,-0.0077267601154744625,0.03943312168121338
0.28583066197026674,Acceleration_Y,0,2.9737678732640713,1500,12.246000289916992,3.1108241081237793,3.1108241081237793,1500,0.30649420146365075,0.0,0.04600000008940697,0.14355440437793732,0.14355440437793732,9.974638938903809,-0.0213152002543211,-0.0077267601154744625,0.017585041001439095
0.28583066197026674,Acceleration_Y,0,2.954853124807499,1500,12.25,3.0642013549804688,3.0642013549804688,1500,0.30024897857654764,0.0,-0.08100000023841858,0.5861805081367493,-0.2009761780500412,9.807158470153809,-0.010924040339887142,-0.02664400078356266,0.035702962428331375
0.28583066197026674,Acceleration_Y,0,2.963572364175925,1500,12.25,3.011458396911621,3.011458396911621,1500,0.29073128865298653,0.0,-0.26499998569488525,-0.3756340444087982,0.3373528718948364,9.053498268127441,0.006661000195890665,0.020249441266059875,0.03543652221560478
0.28583066197026674,Acceleration_Y,0,2.998114821576721,1500,12.23799991607666,2.97111439704895,2.97111439704895,1500,0.27976548919391336,0.0,-0.30300000309944153,0.055029191076755524,-0.016748014837503433,9.565508842468262,-0.01465420052409172,-0.01625283993780613,0.02397960051894188
0,Acceleration_Y,0,1.6659730416545486,1500,12.23799991607666,2.9524176120758057,2.9524176120758057,1500,0.2695988535288365,0.0,-0.2939999997615814,0.6101062297821045,-0.275145947933197,9.024786949157715,0.004263040143996477,0.013055560179054737,0.026377560570836067
0,Acceleration_Y,0,1.3159910541168136,1500,12.234999656677246,2.9618892669677734,2.9618892669677734,1500,0.2622378743739608,0.0,-0.26499998569488525,-0.09809551388025284,-0.07656235247850418,10.032060623168945,-0.013854880817234516,0.03596940264105797,0.02744332142174244
0,Acceleration_Y,0,0.8035845232778063,1500,12.234999656677246,2.997574806213379,2.997574806213379,1500,0.244839049449627,0.0,-0.28299999237060547,0.4641592502593994,-0.32299742102622986,9.022395133972168,0.017585041001439095,0.00905896071344614,0.03357144072651863
0,Acceleration_Y,0,0.3254287526970554,1500,12.25,1.6639583110809326,1.6639583110809326,1500,0.22707020587379034,0.0,0.024000000208616257,-0.3971672058105469,-0.18662072718143463,8.744855880737305,-0.014121320098638535,0.06101476028561592,0.027176881209015846
0,Acceleration_Y,0,0.0,1500,12.25,1.3134722709655762,1.3134722709655762,1500,0.19360651012985136,0.0,0.03500000014901161,-0.5000478625297546,-0.6268542408943176,9.273614883422852,0.007193880155682564,-0.009858280420303345,0.00452948035672307
0,Acceleration_Y,0,0.0,1500,12.227999687194824,0.8016132712364197,0.8016132712364197,1500,0.14491138425882197,0.0,0.024000000208616257,-1.220212459564209,-0.31103456020355225,9.220978736877441,0.010391159914433956,0.026377560570836067,0.01332200039178133
0,Acceleration_Y,0,0.0,1500,12.227999687194824,0.32438164949417114,0.32438164949417114,1500,0.0826143722468878,0.0,-0.07000000029802322,-0.339745432138443,-0.4569815397262573,9.692315101623535,0.00452948035672307,0.002397960051894188,0.010924040339887142
0,Acceleration_Y,0,0.0,1500,12.223999977111816,0.0,0.0,1500,0.03664389887353619,0.0,0.004000000189989805,-0.47372955083847046,-0.19858360290527344,9.622930526733398,-0.0018650800921022892,-0.02238096110522747,0.004263040143996477
0,Acceleration_Y,0,0.0,1500,12.223999977111816,0.0,0.0,1500,0.017140174241639626,0.0,0.0,-0.32299742102622986,0.18662072718143463,9.826299667358398,-0.005328800063580275,-0.011456920765340328,-0.006128120236098766
0,Acceleration_Y,0,0.0,1500,12.218999862670898,0.0,0.0,1500,0.00965074461303123,0.0,0.0,0.4474112391471863,-0.14116182923316956,9.548760414123535,0.0015986401122063398,-0.011723360046744347,-0.0018650800921022892
0,Acceleration_Y,0,0.0,1500,12.218999862670898,0.0,0.0,1500,0.006305328618389665,0.0,0.0,0.28710880875587463,0.03828117623925209,9.419562339782715,-0.0018650800921022892,-0.0026644000317901373,0.0026644000317901373
0,Acceleration_Y,0,0.0,1500,12.218999862670898,0.0,0.0,1500,0.00454121871239707,0.0,0.0,0.239257350564003,-0.06220691278576851,9.433917045593262,0.0026644000317901373,0.0018650800921022892,-0.0013322000158950686
0,Acceleration_Y,0,0.0,1500,12.218999862670898,0.0,0.0,1500,0.003488328827751158,0.0,0.0,0.27993109822273254,-0.14116182923316956,9.345392227172852,0.0013322000158950686,0.0013322000158950686,0.0005328800179995596
0,Acceleration_Y,0,0.0,1500,12.229999542236328,0.0,0.0,1500,0.0028018413849163416,0.0,0.0,0.30385681986808777,-0.13398411870002747,9.359747886657715,-0.0002664400089997798,-0.002397960051894188,0.0002664400089997798
0,Acceleration_Y,0,0.0,1500,12.229999542236328,0.0,0.0,1500,0.002324453107107702,0.0,0.0,0.26796823740005493,-0.07656235247850418,9.350176811218262,-0.0007993200561031699,-0.0010657600359991193,0.0010657600359991193
0,Acceleration_Y,0,0.0,1500,12.232999801635742,0.0,0.0,1500,0.001975985804781769,0.0,0.0,0.2560053765773773,-0.11723610013723373,9.304718017578125,-0.0026644000317901373,-0.0002664400089997798,0.0010657600359991193
0,Acceleration_Y,0,0.0,1500,12.232999801635742,0.0,0.0,1500,0.0017118929165467855,0.0,0.0,0.26796823740005493,-0.0023925735149532557,9.508087158203125,-0.0015986401122063398,0.0013322000158950686,0.0
0,Acceleration_Y,0,0.0,1500,12.232999801635742,0.0,0.0,1500,0.0015056856947226042,0.0,0.0,0.2583979368209839,-0.12202125042676926,9.359747886657715,-0.0015986401122063398,0.0007993200561031699,0.0005328800179995596
0,Acceleration_Y,0,0.0,1500,12.232999801635742,0.0,0.0,1500,0.0013407311584972782,0.0,0.0,0.2966791093349457,-0.009570294059813023,9.419562339782715,-0.0013322000158950686,0.0,0.0015986401122063398
0,Acceleration_Y,0,0.0,1500,12.23900032043457,0.0,0.0,1500,0.0012061095951311036,0.0,0.0,0.239257350564003,-0.06459948420524597,9.388458251953125,0.0,0.0002664400089997798,0.0013322000158950686
0,Acceleration_Y,0,0.0,1500,12.23900032043457,0.0,0.0,1500,0.0010943821161243123,0.0,0.0,0.275145947933197,-0.033496029675006866,9.383673667907715,-0.0010657600359991193,-0.0002664400089997798,0.0002664400089997798
0,Acceleration_Y,0,0.0,1500,12.241999626159668,0.0,0.0,1500,0.0010003207617667233,0.0,0.0,0.28710880875587463,-0.045458897948265076,9.407599449157715,-0.0002664400089997798,-0.0005328800179995596,0.0013322000158950686
